INSERT INTO pessoa VALUES ('01', 'Joao', 'Rua Gago Coutinho numero 80');
INSERT INTO pessoa VALUES ('12', 'Ana', 'Rua Vasco da Gama numero 21');
INSERT INTO pessoa VALUES ('03', 'Manuel', 'Rua Eça de Queiros numero 3');
INSERT INTO pessoa VALUES ('41', 'Catarina', 'Avenida Don Sebastiao numero 14');
INSERT INTO pessoa VALUES ('05', 'Jose', 'Rua Jose Samarago numero 1');
INSERT INTO pessoa VALUES ('20', 'Maria', 'Rua 25 Abril numero 44');

INSERT INTO carro VALUES ('10AB54', 'Ford', '2000');
INSERT INTO carro VALUES ('84GD70', 'Peugeout', '2005');
INSERT INTO carro VALUES ('68PQ20', 'Seat', '1999');
INSERT INTO carro VALUES ('51JQ95', 'Citroen', '2001');
INSERT INTO carro VALUES ('62UQ81', 'Toyota', '1998');
INSERT INTO carro VALUES ('32IQ58', 'Audi', '2016');

INSERT INTO acidente VALUES ('01', '20/08/2004', 'Lisboa');
INSERT INTO acidente VALUES ('02', '04/05/2010', 'Evora');
INSERT INTO acidente VALUES ('03', '07/01/2014', 'Porto');
INSERT INTO acidente VALUES ('04', '07/01/2014', 'Porto');

INSERT INTO tem VALUES ('01', '10AB54');
INSERT INTO tem VALUES ('12', '84GD70');
INSERT INTO tem VALUES ('03', '68PQ20');
INSERT INTO tem VALUES ('41', '51JQ95');
INSERT INTO tem VALUES ('05', '62UQ81');
INSERT INTO tem VALUES ('20', '32IQ58');

INSERT INTO participacao VALUES ('01', '10AB54', '01', '100€');
INSERT INTO participacao VALUES ('02', '68PQ20', '03', '50€');
INSERT INTO participacao VALUES ('03', '84GD70', '12', '110€');
INSERT INTO participacao VALUES ('04', '84GD70', '12', '410€');



